sourceOccurrenceId	sourceTaxonId	sourceTaxonName	sourceBodyPartId	sourceBodyPartName	sourceLifeStageId	sourceLifeStageName	interactionTypeId	interactionTypeName	targetOccurrenceId	targetTaxonId	targetTaxonName	targetBodyPartId	targetBodyPartName	targetLifeStageId	targetLifeStageName	localityId	localityName	decimalLatitude	decimalLongitude	observationDateTime	referenceDoi	referenceUrl	referenceCitation
	ITIS:187165	Anthicus sp.					http://purl.obolibrary.org/obo/RO_0002622	visits flowers of		ITIS:29188	Impatiens noli-tangere						Belgium			2006/2007	10.1086/658152	https://www.jstor.org/stable/10.1086/658152	Vervoort, A., Cawoy, V., & Jacquemart, A. (2011). Comparative Reproductive Biology in Co-Occurring Invasive and Native Impatiens Species. International Journal of Plant Sciences, 172(3), 366-377.
	ITIS:110695	Abax sp.					http://purl.obolibrary.org/obo/RO_0002622	visits flowers of		ITIS:29188	Impatiens noli-tangere						Belgium			2006/2007	10.1086/658152	https://www.jstor.org/stable/10.1086/658152	Vervoort, A., Cawoy, V., & Jacquemart, A. (2011). Comparative Reproductive Biology in Co-Occurring Invasive and Native Impatiens Species. International Journal of Plant Sciences, 172(3), 366-377.
	NCBI:txid1661975	Lamprosoma concolor					http://purl.obolibrary.org/obo/RO_0002622	visits flowers of		ITIS:29188	Impatiens noli-tangere						Belgium			2006/2007	10.1086/658152	https://www.jstor.org/stable/10.1086/658152	Vervoort, A., Cawoy, V., & Jacquemart, A. (2011). Comparative Reproductive Biology in Co-Occurring Invasive and Native Impatiens Species. International Journal of Plant Sciences, 172(3), 366-377.
	ITIS:728613	Plegaderus sp					http://purl.obolibrary.org/obo/RO_0002622	visits flowers of		ITIS:29188	Impatiens noli-tangere						Belgium			2006/2007	10.1086/658152	https://www.jstor.org/stable/10.1086/658152	Vervoort, A., Cawoy, V., & Jacquemart, A. (2011). Comparative Reproductive Biology in Co-Occurring Invasive and Native Impatiens Species. International Journal of Plant Sciences, 172(3), 366-377.
	ITIS:186036	Forficula auricularia					http://purl.obolibrary.org/obo/RO_0002622	visits flowers of		ITIS:29188	Impatiens noli-tangere						Belgium			2006/2007	10.1086/658152	https://www.jstor.org/stable/10.1086/658152	Vervoort, A., Cawoy, V., & Jacquemart, A. (2011). Comparative Reproductive Biology in Co-Occurring Invasive and Native Impatiens Species. International Journal of Plant Sciences, 172(3), 366-377.
	ITIS:148685	Anthomyiidae					http://purl.obolibrary.org/obo/RO_0002622	visits flowers of		ITIS:29188	Impatiens noli-tangere						Belgium			2006/2007	10.1086/658152	https://www.jstor.org/stable/10.1086/658152	Vervoort, A., Cawoy, V., & Jacquemart, A. (2011). Comparative Reproductive Biology in Co-Occurring Invasive and Native Impatiens Species. International Journal of Plant Sciences, 172(3), 366-377.
	ITIS:141943	Thecophora sp.					http://purl.obolibrary.org/obo/RO_0002622	visits flowers of		ITIS:29188	Impatiens noli-tangere						Belgium			2006/2007	10.1086/658152	https://www.jstor.org/stable/10.1086/658152	Vervoort, A., Cawoy, V., & Jacquemart, A. (2011). Comparative Reproductive Biology in Co-Occurring Invasive and Native Impatiens Species. International Journal of Plant Sciences, 172(3), 366-377.
	ITIS:146212	Drosophila sp.					http://purl.obolibrary.org/obo/RO_0002622	visits flowers of		ITIS:29188	Impatiens noli-tangere						Belgium			2006/2007	10.1086/658152	https://www.jstor.org/stable/10.1086/658152	Vervoort, A., Cawoy, V., & Jacquemart, A. (2011). Comparative Reproductive Biology in Co-Occurring Invasive and Native Impatiens Species. International Journal of Plant Sciences, 172(3), 366-377.
	ITIS:145445	Heleomyzidae					http://purl.obolibrary.org/obo/RO_0002622	visits flowers of		ITIS:29188	Impatiens noli-tangere						Belgium			2006/2007	10.1086/658152	https://www.jstor.org/stable/10.1086/658152	Vervoort, A., Cawoy, V., & Jacquemart, A. (2011). Comparative Reproductive Biology in Co-Occurring Invasive and Native Impatiens Species. International Journal of Plant Sciences, 172(3), 366-377.
	ITIS:138921	Phoridae					http://purl.obolibrary.org/obo/RO_0002622	visits flowers of		ITIS:29188	Impatiens noli-tangere						Belgium			2006/2007	10.1086/658152	https://www.jstor.org/stable/10.1086/658152	Vervoort, A., Cawoy, V., & Jacquemart, A. (2011). Comparative Reproductive Biology in Co-Occurring Invasive and Native Impatiens Species. International Journal of Plant Sciences, 172(3), 366-377.
	NCBI:txid1859539	Eristalis horticola					http://purl.obolibrary.org/obo/RO_0002622	visits flowers of		ITIS:29188	Impatiens noli-tangere						Belgium			2006/2007	10.1086/658152	https://www.jstor.org/stable/10.1086/658152	Vervoort, A., Cawoy, V., & Jacquemart, A. (2011). Comparative Reproductive Biology in Co-Occurring Invasive and Native Impatiens Species. International Journal of Plant Sciences, 172(3), 366-377.
	NCBI:txid1859541	Eristalis nemorum					http://purl.obolibrary.org/obo/RO_0002622	visits flowers of		ITIS:29188	Impatiens noli-tangere						Belgium			2006/2007	10.1086/658152	https://www.jstor.org/stable/10.1086/658152	Vervoort, A., Cawoy, V., & Jacquemart, A. (2011). Comparative Reproductive Biology in Co-Occurring Invasive and Native Impatiens Species. International Journal of Plant Sciences, 172(3), 366-377.
	NCBI:txid226174	Helophilus pendulus					http://purl.obolibrary.org/obo/RO_0002622	visits flowers of		ITIS:29188	Impatiens noli-tangere						Belgium			2006/2007	10.1086/658152	https://www.jstor.org/stable/10.1086/658152	Vervoort, A., Cawoy, V., & Jacquemart, A. (2011). Comparative Reproductive Biology in Co-Occurring Invasive and Native Impatiens Species. International Journal of Plant Sciences, 172(3), 366-377.
	NCBI:txid226161	Rhingia campestris					http://purl.obolibrary.org/obo/RO_0002622	visits flowers of		ITIS:29188	Impatiens noli-tangere						Belgium			2006/2007	10.1086/658152	https://www.jstor.org/stable/10.1086/658152	Vervoort, A., Cawoy, V., & Jacquemart, A. (2011). Comparative Reproductive Biology in Co-Occurring Invasive and Native Impatiens Species. International Journal of Plant Sciences, 172(3), 366-377.
	NCBI:txid286459	Episyrphus balteatus					http://purl.obolibrary.org/obo/RO_0002622	visits flowers of		ITIS:29188	Impatiens noli-tangere						Belgium			2006/2007	10.1086/658152	https://www.jstor.org/stable/10.1086/658152	Vervoort, A., Cawoy, V., & Jacquemart, A. (2011). Comparative Reproductive Biology in Co-Occurring Invasive and Native Impatiens Species. International Journal of Plant Sciences, 172(3), 366-377.
	NCBI:txid653684	Melanostoma mellinum					http://purl.obolibrary.org/obo/RO_0002622	visits flowers of		ITIS:29188	Impatiens noli-tangere						Belgium			2006/2007	10.1086/658152	https://www.jstor.org/stable/10.1086/658152	Vervoort, A., Cawoy, V., & Jacquemart, A. (2011). Comparative Reproductive Biology in Co-Occurring Invasive and Native Impatiens Species. International Journal of Plant Sciences, 172(3), 366-377.
	NCBI:txid92598	Melanostoma scalare					http://purl.obolibrary.org/obo/RO_0002622	visits flowers of		ITIS:29188	Impatiens noli-tangere						Belgium			2006/2007	10.1086/658152	https://www.jstor.org/stable/10.1086/658152	Vervoort, A., Cawoy, V., & Jacquemart, A. (2011). Comparative Reproductive Biology in Co-Occurring Invasive and Native Impatiens Species. International Journal of Plant Sciences, 172(3), 366-377.
	ITIS:140141	Meliscaeva cinctella					http://purl.obolibrary.org/obo/RO_0002622	visits flowers of		ITIS:29188	Impatiens noli-tangere						Belgium			2006/2007	10.1086/658152	https://www.jstor.org/stable/10.1086/658152	Vervoort, A., Cawoy, V., & Jacquemart, A. (2011). Comparative Reproductive Biology in Co-Occurring Invasive and Native Impatiens Species. International Journal of Plant Sciences, 172(3), 366-377.
	NCBI:txid414846	Platycheirus albimanus					http://purl.obolibrary.org/obo/RO_0002622	visits flowers of		ITIS:29188	Impatiens noli-tangere						Belgium			2006/2007	10.1086/658152	https://www.jstor.org/stable/10.1086/658152	Vervoort, A., Cawoy, V., & Jacquemart, A. (2011). Comparative Reproductive Biology in Co-Occurring Invasive and Native Impatiens Species. International Journal of Plant Sciences, 172(3), 366-377.
	NCBI:txid226175	Platycheirus peltatus					http://purl.obolibrary.org/obo/RO_0002622	visits flowers of		ITIS:29188	Impatiens noli-tangere						Belgium			2006/2007	10.1086/658152	https://www.jstor.org/stable/10.1086/658152	Vervoort, A., Cawoy, V., & Jacquemart, A. (2011). Comparative Reproductive Biology in Co-Occurring Invasive and Native Impatiens Species. International Journal of Plant Sciences, 172(3), 366-377.
	ITIS:140302	Syrphus vitripennis					http://purl.obolibrary.org/obo/RO_0002622	visits flowers of		ITIS:29188	Impatiens noli-tangere						Belgium			2006/2007	10.1086/658152	https://www.jstor.org/stable/10.1086/658152	Vervoort, A., Cawoy, V., & Jacquemart, A. (2011). Comparative Reproductive Biology in Co-Occurring Invasive and Native Impatiens Species. International Journal of Plant Sciences, 172(3), 366-377.
	NCBI:txid414871	Xanthandrus comtus					http://purl.obolibrary.org/obo/RO_0002622	visits flowers of		ITIS:29188	Impatiens noli-tangere						Belgium			2006/2007	10.1086/658152	https://www.jstor.org/stable/10.1086/658152	Vervoort, A., Cawoy, V., & Jacquemart, A. (2011). Comparative Reproductive Biology in Co-Occurring Invasive and Native Impatiens Species. International Journal of Plant Sciences, 172(3), 366-377.
	ITIS:154396	Apis mellifera					http://purl.obolibrary.org/obo/RO_0002622	visits flowers of		ITIS:29188	Impatiens noli-tangere						Belgium			2006/2007	10.1086/658152	https://www.jstor.org/stable/10.1086/658152	Vervoort, A., Cawoy, V., & Jacquemart, A. (2011). Comparative Reproductive Biology in Co-Occurring Invasive and Native Impatiens Species. International Journal of Plant Sciences, 172(3), 366-377.
	ITIS:714923	Bombus hortorum					http://purl.obolibrary.org/obo/RO_0002622	visits flowers of		ITIS:29188	Impatiens noli-tangere						Belgium			2006/2007	10.1086/658152	https://www.jstor.org/stable/10.1086/658152	Vervoort, A., Cawoy, V., & Jacquemart, A. (2011). Comparative Reproductive Biology in Co-Occurring Invasive and Native Impatiens Species. International Journal of Plant Sciences, 172(3), 366-377.
	ITIS:714816	Bombus lucorum					http://purl.obolibrary.org/obo/RO_0002622	visits flowers of		ITIS:29188	Impatiens noli-tangere						Belgium			2006/2007	10.1086/658152	https://www.jstor.org/stable/10.1086/658152	Vervoort, A., Cawoy, V., & Jacquemart, A. (2011). Comparative Reproductive Biology in Co-Occurring Invasive and Native Impatiens Species. International Journal of Plant Sciences, 172(3), 366-377.
	ITIS:714976	Bombus pascuorum					http://purl.obolibrary.org/obo/RO_0002622	visits flowers of		ITIS:29188	Impatiens noli-tangere						Belgium			2006/2007	10.1086/658152	https://www.jstor.org/stable/10.1086/658152	Vervoort, A., Cawoy, V., & Jacquemart, A. (2011). Comparative Reproductive Biology in Co-Occurring Invasive and Native Impatiens Species. International Journal of Plant Sciences, 172(3), 366-377.
	ITIS:714842	Bombus terrestris					http://purl.obolibrary.org/obo/RO_0002622	visits flowers of		ITIS:29188	Impatiens noli-tangere						Belgium			2006/2007	10.1086/658152	https://www.jstor.org/stable/10.1086/658152	Vervoort, A., Cawoy, V., & Jacquemart, A. (2011). Comparative Reproductive Biology in Co-Occurring Invasive and Native Impatiens Species. International Journal of Plant Sciences, 172(3), 366-377.
	ITIS:154357	Lasioglossum sp.					http://purl.obolibrary.org/obo/RO_0002622	visits flowers of		ITIS:29188	Impatiens noli-tangere						Belgium			2006/2007	10.1086/658152	https://www.jstor.org/stable/10.1086/658152	Vervoort, A., Cawoy, V., & Jacquemart, A. (2011). Comparative Reproductive Biology in Co-Occurring Invasive and Native Impatiens Species. International Journal of Plant Sciences, 172(3), 366-377.
	GBIF:1284926	Cosmoconus nigriventris					http://purl.obolibrary.org/obo/RO_0002622	visits flowers of		ITIS:29188	Impatiens noli-tangere						Belgium			2006/2007	10.1086/658152	https://www.jstor.org/stable/10.1086/658152	Vervoort, A., Cawoy, V., & Jacquemart, A. (2011). Comparative Reproductive Biology in Co-Occurring Invasive and Native Impatiens Species. International Journal of Plant Sciences, 172(3), 366-377.
	ITIS:154266	Polistes sp.					http://purl.obolibrary.org/obo/RO_0002622	visits flowers of		ITIS:29188	Impatiens noli-tangere						Belgium			2006/2007	10.1086/658152	https://www.jstor.org/stable/10.1086/658152	Vervoort, A., Cawoy, V., & Jacquemart, A. (2011). Comparative Reproductive Biology in Co-Occurring Invasive and Native Impatiens Species. International Journal of Plant Sciences, 172(3), 366-377.
	ITIS:145445	Heleomyzidae					http://purl.obolibrary.org/obo/RO_0002622	visits flowers of		ITIS:503159	Impatiens parviflora						Belgium			2006/2007	10.1086/658152	https://www.jstor.org/stable/10.1086/658152	Vervoort, A., Cawoy, V., & Jacquemart, A. (2011). Comparative Reproductive Biology in Co-Occurring Invasive and Native Impatiens Species. International Journal of Plant Sciences, 172(3), 366-377.
	NCBI:txid226161	Rhingia campestris					http://purl.obolibrary.org/obo/RO_0002622	visits flowers of		ITIS:503159	Impatiens parviflora						Belgium			2006/2007	10.1086/658152	https://www.jstor.org/stable/10.1086/658152	Vervoort, A., Cawoy, V., & Jacquemart, A. (2011). Comparative Reproductive Biology in Co-Occurring Invasive and Native Impatiens Species. International Journal of Plant Sciences, 172(3), 366-377.
	NCBI:txid286459	Episyrphus balteatus					http://purl.obolibrary.org/obo/RO_0002622	visits flowers of		ITIS:503159	Impatiens parviflora						Belgium			2006/2007	10.1086/658152	https://www.jstor.org/stable/10.1086/658152	Vervoort, A., Cawoy, V., & Jacquemart, A. (2011). Comparative Reproductive Biology in Co-Occurring Invasive and Native Impatiens Species. International Journal of Plant Sciences, 172(3), 366-377.
	NCBI:txid653684	Melanostoma mellinum					http://purl.obolibrary.org/obo/RO_0002622	visits flowers of		ITIS:503159	Impatiens parviflora						Belgium			2006/2007	10.1086/658152	https://www.jstor.org/stable/10.1086/658152	Vervoort, A., Cawoy, V., & Jacquemart, A. (2011). Comparative Reproductive Biology in Co-Occurring Invasive and Native Impatiens Species. International Journal of Plant Sciences, 172(3), 366-377.
	NCBI:txid414846	Platycheirus albimanus					http://purl.obolibrary.org/obo/RO_0002622	visits flowers of		ITIS:503159	Impatiens parviflora						Belgium			2006/2007	10.1086/658152	https://www.jstor.org/stable/10.1086/658152	Vervoort, A., Cawoy, V., & Jacquemart, A. (2011). Comparative Reproductive Biology in Co-Occurring Invasive and Native Impatiens Species. International Journal of Plant Sciences, 172(3), 366-377.
	NCBI:txid41101	Rhagonycha fulva					http://purl.obolibrary.org/obo/RO_0002622	visits flowers of		ITIS:29187	Impatiens glandulifera						Belgium			2006/2007	10.1086/658152	https://www.jstor.org/stable/10.1086/658152	Vervoort, A., Cawoy, V., & Jacquemart, A. (2011). Comparative Reproductive Biology in Co-Occurring Invasive and Native Impatiens Species. International Journal of Plant Sciences, 172(3), 366-377.
	ITIS:186036	Forficula auricularia					http://purl.obolibrary.org/obo/RO_0002622	visits flowers of		ITIS:29187	Impatiens glandulifera						Belgium			2006/2007	10.1086/658152	https://www.jstor.org/stable/10.1086/658152	Vervoort, A., Cawoy, V., & Jacquemart, A. (2011). Comparative Reproductive Biology in Co-Occurring Invasive and Native Impatiens Species. International Journal of Plant Sciences, 172(3), 366-377.
	NCBI:txid226161	Rhingia campestris					http://purl.obolibrary.org/obo/RO_0002622	visits flowers of		ITIS:29187	Impatiens glandulifera						Belgium			2006/2007	10.1086/658152	https://www.jstor.org/stable/10.1086/658152	Vervoort, A., Cawoy, V., & Jacquemart, A. (2011). Comparative Reproductive Biology in Co-Occurring Invasive and Native Impatiens Species. International Journal of Plant Sciences, 172(3), 366-377.
	NCBI:txid286459	Episyrphus balteatus					http://purl.obolibrary.org/obo/RO_0002622	visits flowers of		ITIS:29187	Impatiens glandulifera						Belgium			2006/2007	10.1086/658152	https://www.jstor.org/stable/10.1086/658152	Vervoort, A., Cawoy, V., & Jacquemart, A. (2011). Comparative Reproductive Biology in Co-Occurring Invasive and Native Impatiens Species. International Journal of Plant Sciences, 172(3), 366-377.
	ITIS:140141	Meliscaeva cinctella					http://purl.obolibrary.org/obo/RO_0002622	visits flowers of		ITIS:29187	Impatiens glandulifera						Belgium			2006/2007	10.1086/658152	https://www.jstor.org/stable/10.1086/658152	Vervoort, A., Cawoy, V., & Jacquemart, A. (2011). Comparative Reproductive Biology in Co-Occurring Invasive and Native Impatiens Species. International Journal of Plant Sciences, 172(3), 366-377.
	NCBI:txid414871	Xanthandrus comtus					http://purl.obolibrary.org/obo/RO_0002622	visits flowers of		ITIS:29187	Impatiens glandulifera						Belgium			2006/2007	10.1086/658152	https://www.jstor.org/stable/10.1086/658152	Vervoort, A., Cawoy, V., & Jacquemart, A. (2011). Comparative Reproductive Biology in Co-Occurring Invasive and Native Impatiens Species. International Journal of Plant Sciences, 172(3), 366-377.
	ITIS:154396	Apis mellifera					http://purl.obolibrary.org/obo/RO_0002622	visits flowers of		ITIS:29187	Impatiens glandulifera						Belgium			2006/2007	10.1086/658152	https://www.jstor.org/stable/10.1086/658152	Vervoort, A., Cawoy, V., & Jacquemart, A. (2011). Comparative Reproductive Biology in Co-Occurring Invasive and Native Impatiens Species. International Journal of Plant Sciences, 172(3), 366-377.
	ITIS:714923	Bombus hortorum					http://purl.obolibrary.org/obo/RO_0002622	visits flowers of		ITIS:29187	Impatiens glandulifera						Belgium			2006/2007	10.1086/658152	https://www.jstor.org/stable/10.1086/658152	Vervoort, A., Cawoy, V., & Jacquemart, A. (2011). Comparative Reproductive Biology in Co-Occurring Invasive and Native Impatiens Species. International Journal of Plant Sciences, 172(3), 366-377.
	ITIS:714816	Bombus lucorum					http://purl.obolibrary.org/obo/RO_0002622	visits flowers of		ITIS:29187	Impatiens glandulifera						Belgium			2006/2007	10.1086/658152	https://www.jstor.org/stable/10.1086/658152	Vervoort, A., Cawoy, V., & Jacquemart, A. (2011). Comparative Reproductive Biology in Co-Occurring Invasive and Native Impatiens Species. International Journal of Plant Sciences, 172(3), 366-377.
	ITIS:714976	Bombus pascuorum					http://purl.obolibrary.org/obo/RO_0002622	visits flowers of		ITIS:29187	Impatiens glandulifera						Belgium			2006/2007	10.1086/658152	https://www.jstor.org/stable/10.1086/658152	Vervoort, A., Cawoy, V., & Jacquemart, A. (2011). Comparative Reproductive Biology in Co-Occurring Invasive and Native Impatiens Species. International Journal of Plant Sciences, 172(3), 366-377.
	ITIS:154357	Lasioglossum sp.					http://purl.obolibrary.org/obo/RO_0002622	visits flowers of		ITIS:29187	Impatiens glandulifera						Belgium			2006/2007	10.1086/658152	https://www.jstor.org/stable/10.1086/658152	Vervoort, A., Cawoy, V., & Jacquemart, A. (2011). Comparative Reproductive Biology in Co-Occurring Invasive and Native Impatiens Species. International Journal of Plant Sciences, 172(3), 366-377.
	ITIS:761704	Megachile ligniseca					http://purl.obolibrary.org/obo/RO_0002622	visits flowers of		ITIS:29187	Impatiens glandulifera						Belgium			2006/2007	10.1086/658152	https://www.jstor.org/stable/10.1086/658152	Vervoort, A., Cawoy, V., & Jacquemart, A. (2011). Comparative Reproductive Biology in Co-Occurring Invasive and Native Impatiens Species. International Journal of Plant Sciences, 172(3), 366-377.
	NCBI:txid881891	Vespula media					http://purl.obolibrary.org/obo/RO_0002622	visits flowers of		ITIS:29187	Impatiens glandulifera						Belgium			2006/2007	10.1086/658152	https://www.jstor.org/stable/10.1086/658152	Vervoort, A., Cawoy, V., & Jacquemart, A. (2011). Comparative Reproductive Biology in Co-Occurring Invasive and Native Impatiens Species. International Journal of Plant Sciences, 172(3), 366-377.
	NCBI:txid7454	Vespula vulgaris					http://purl.obolibrary.org/obo/RO_0002622	visits flowers of		ITIS:29187	Impatiens glandulifera						Belgium			2006/2007	10.1086/658152	https://www.jstor.org/stable/10.1086/658152	Vervoort, A., Cawoy, V., & Jacquemart, A. (2011). Comparative Reproductive Biology in Co-Occurring Invasive and Native Impatiens Species. International Journal of Plant Sciences, 172(3), 366-377.
	ITIS:154194	Camponotus					http://purl.obolibrary.org/obo/RO_0002622	visits flowers of		ITIS:28827	Ailanthus altissima						Ruckersville, VA on Rt. 29	38.22	-78.39	2005		http://hdl.handle.net/10919/32586	Thompson, J. S. (2008). Pollination biology of Ailanthus altissima (Mill.) Swingle (Tree-of-Heaven) in the Mid-Atlantic United States (Doctoral dissertation, Virginia Tech).
	ITIS:834770	Chauliognathus marginatus					http://purl.obolibrary.org/obo/RO_0002622	visits flowers of		ITIS:28827	Ailanthus altissima						Ruckersville, VA on Rt. 29	38.22	-78.39	2005/2006		http://hdl.handle.net/10919/32586	Thompson, J. S. (2008). Pollination biology of Ailanthus altissima (Mill.) Swingle (Tree-of-Heaven) in the Mid-Atlantic United States (Doctoral dissertation, Virginia Tech).
	ITIS:114329	Coccinellidae					http://purl.obolibrary.org/obo/RO_0002622	visits flowers of		ITIS:28827	Ailanthus altissima						Ruckersville, VA on Rt. 29	38.22	-78.39	2005/2006		http://hdl.handle.net/10919/32586	Thompson, J. S. (2008). Pollination biology of Ailanthus altissima (Mill.) Swingle (Tree-of-Heaven) in the Mid-Atlantic United States (Doctoral dissertation, Virginia Tech).
	ITIS:574052	Crematogaster					http://purl.obolibrary.org/obo/RO_0002622	visits flowers of		ITIS:28827	Ailanthus altissima						Ruckersville, VA on Rt. 29	38.22	-78.39	2006		http://hdl.handle.net/10919/32586	Thompson, J. S. (2008). Pollination biology of Ailanthus altissima (Mill.) Swingle (Tree-of-Heaven) in the Mid-Atlantic United States (Doctoral dissertation, Virginia Tech).
	ITIS:136824	Dolichopodidae					http://purl.obolibrary.org/obo/RO_0002622	visits flowers of		ITIS:28827	Ailanthus altissima						Ruckersville, VA on Rt. 29	38.22	-78.39	2005		http://hdl.handle.net/10919/32586	Thompson, J. S. (2008). Pollination biology of Ailanthus altissima (Mill.) Swingle (Tree-of-Heaven) in the Mid-Atlantic United States (Doctoral dissertation, Virginia Tech).
	ITIS:154211	Formica					http://purl.obolibrary.org/obo/RO_0002622	visits flowers of		ITIS:28827	Ailanthus altissima						Ruckersville, VA on Rt. 29	38.22	-78.39	2005/2006		http://hdl.handle.net/10919/32586	Thompson, J. S. (2008). Pollination biology of Ailanthus altissima (Mill.) Swingle (Tree-of-Heaven) in the Mid-Atlantic United States (Doctoral dissertation, Virginia Tech).
	ITIS:113906	Melanotus					http://purl.obolibrary.org/obo/RO_0002622	visits flowers of		ITIS:28827	Ailanthus altissima						Ruckersville, VA on Rt. 29	38.22	-78.39	2005/2006		http://hdl.handle.net/10919/32586	Thompson, J. S. (2008). Pollination biology of Ailanthus altissima (Mill.) Swingle (Tree-of-Heaven) in the Mid-Atlantic United States (Doctoral dissertation, Virginia Tech).
	ITIS:150025	Muscidae					http://purl.obolibrary.org/obo/RO_0002622	visits flowers of		ITIS:28827	Ailanthus altissima						Ruckersville, VA on Rt. 29	38.22	-78.39	2006		http://hdl.handle.net/10919/32586	Thompson, J. S. (2008). Pollination biology of Ailanthus altissima (Mill.) Swingle (Tree-of-Heaven) in the Mid-Atlantic United States (Doctoral dissertation, Virginia Tech).
	ITIS:577971	Prenolepis imparis					http://purl.obolibrary.org/obo/RO_0002622	visits flowers of		ITIS:28827	Ailanthus altissima						Ruckersville, VA on Rt. 29	38.22	-78.39	2005/2006		http://hdl.handle.net/10919/32586	Thompson, J. S. (2008). Pollination biology of Ailanthus altissima (Mill.) Swingle (Tree-of-Heaven) in the Mid-Atlantic United States (Doctoral dissertation, Virginia Tech).
	ITIS:139621	Syrphidae					http://purl.obolibrary.org/obo/RO_0002622	visits flowers of		ITIS:28827	Ailanthus altissima						Ruckersville, VA on Rt. 29	38.22	-78.39	2006		http://hdl.handle.net/10919/32586	Thompson, J. S. (2008). Pollination biology of Ailanthus altissima (Mill.) Swingle (Tree-of-Heaven) in the Mid-Atlantic United States (Doctoral dissertation, Virginia Tech).
	ITIS:151815	Sarcophagidae					http://purl.obolibrary.org/obo/RO_0002622	visits flowers of		ITIS:28827	Ailanthus altissima						Ruckersville, VA on Rt. 29	38.22	-78.39	2006		http://hdl.handle.net/10919/32586	Thompson, J. S. (2008). Pollination biology of Ailanthus altissima (Mill.) Swingle (Tree-of-Heaven) in the Mid-Atlantic United States (Doctoral dissertation, Virginia Tech).
	ITIS:188437	Agrilus					http://purl.obolibrary.org/obo/RO_0002622	visits flowers of		ITIS:28827	Ailanthus altissima						Harpers Ferry, WV on Rt. 340	39.32	-77.76	2005		http://hdl.handle.net/10919/32586	Thompson, J. S. (2008). Pollination biology of Ailanthus altissima (Mill.) Swingle (Tree-of-Heaven) in the Mid-Atlantic United States (Doctoral dissertation, Virginia Tech).
	ITIS:154397	Bombus					http://purl.obolibrary.org/obo/RO_0002622	visits flowers of		ITIS:28827	Ailanthus altissima						Harpers Ferry, WV on Rt. 340	39.32	-77.76	2005		http://hdl.handle.net/10919/32586	Thompson, J. S. (2008). Pollination biology of Ailanthus altissima (Mill.) Swingle (Tree-of-Heaven) in the Mid-Atlantic United States (Doctoral dissertation, Virginia Tech).
	ITIS:834770	Chauliognathus marginatus					http://purl.obolibrary.org/obo/RO_0002622	visits flowers of		ITIS:28827	Ailanthus altissima						Harpers Ferry, WV on Rt. 340	39.32	-77.76	2005/2006		http://hdl.handle.net/10919/32586	Thompson, J. S. (2008). Pollination biology of Ailanthus altissima (Mill.) Swingle (Tree-of-Heaven) in the Mid-Atlantic United States (Doctoral dissertation, Virginia Tech).
	ITIS:114329	Coccinellidae					http://purl.obolibrary.org/obo/RO_0002622	visits flowers of		ITIS:28827	Ailanthus altissima						Harpers Ferry, WV on Rt. 340	39.32	-77.76	2005		http://hdl.handle.net/10919/32586	Thompson, J. S. (2008). Pollination biology of Ailanthus altissima (Mill.) Swingle (Tree-of-Heaven) in the Mid-Atlantic United States (Doctoral dissertation, Virginia Tech).
	ITIS:154211	Formica					http://purl.obolibrary.org/obo/RO_0002622	visits flowers of		ITIS:28827	Ailanthus altissima						Harpers Ferry, WV on Rt. 340	39.32	-77.76	2005/2006		http://hdl.handle.net/10919/32586	Thompson, J. S. (2008). Pollination biology of Ailanthus altissima (Mill.) Swingle (Tree-of-Heaven) in the Mid-Atlantic United States (Doctoral dissertation, Virginia Tech).
	IYIS:139621	Syrphidae					http://purl.obolibrary.org/obo/RO_0002622	visits flowers of		ITIS:28827	Ailanthus altissima						Harpers Ferry, WV on Rt. 340	39.32	-77.76	2005		http://hdl.handle.net/10919/32586	Thompson, J. S. (2008). Pollination biology of Ailanthus altissima (Mill.) Swingle (Tree-of-Heaven) in the Mid-Atlantic United States (Doctoral dissertation, Virginia Tech).
	ITIS:154396	Apis mellifera					http://purl.obolibrary.org/obo/RO_0002622	visits flowers of		ITIS:28827	Ailanthus altissima						Newport, VA on Rt. 460	37.29	-80.48	2005/2006		http://hdl.handle.net/10919/32586	Thompson, J. S. (2008). Pollination biology of Ailanthus altissima (Mill.) Swingle (Tree-of-Heaven) in the Mid-Atlantic United States (Doctoral dissertation, Virginia Tech).
	ITIS:154397	Bombus					http://purl.obolibrary.org/obo/RO_0002622	visits flowers of		ITIS:28827	Ailanthus altissima						Newport, VA on Rt. 460	37.29	-80.48	2005/2006		http://hdl.handle.net/10919/32586	Thompson, J. S. (2008). Pollination biology of Ailanthus altissima (Mill.) Swingle (Tree-of-Heaven) in the Mid-Atlantic United States (Doctoral dissertation, Virginia Tech).
	ITIS:154194	Camponotus					http://purl.obolibrary.org/obo/RO_0002622	visits flowers of		ITIS:28827	Ailanthus altissima						Newport, VA on Rt. 460	37.29	-80.48	2005/2006		http://hdl.handle.net/10919/32586	Thompson, J. S. (2008). Pollination biology of Ailanthus altissima (Mill.) Swingle (Tree-of-Heaven) in the Mid-Atlantic United States (Doctoral dissertation, Virginia Tech).
	ITIS:834770	Chauliognathus marginatus					http://purl.obolibrary.org/obo/RO_0002622	visits flowers of		ITIS:28827	Ailanthus altissima						Newport, VA on Rt. 460	37.29	-80.48	2005/2006		http://hdl.handle.net/10919/32586	Thompson, J. S. (2008). Pollination biology of Ailanthus altissima (Mill.) Swingle (Tree-of-Heaven) in the Mid-Atlantic United States (Doctoral dissertation, Virginia Tech).
	ITIS:154211	Formica					http://purl.obolibrary.org/obo/RO_0002622	visits flowers of		ITIS:28827	Ailanthus altissima						Newport, VA on Rt. 460	37.29	-80.48	2005/2006		http://hdl.handle.net/10919/32586	Thompson, J. S. (2008). Pollination biology of Ailanthus altissima (Mill.) Swingle (Tree-of-Heaven) in the Mid-Atlantic United States (Doctoral dissertation, Virginia Tech).
	ITIS:154348	Halictidae					http://purl.obolibrary.org/obo/RO_0002622	visits flowers of		ITIS:28827	Ailanthus altissima						Newport, VA on Rt. 460	37.29	-80.48	2006		http://hdl.handle.net/10919/32586	Thompson, J. S. (2008). Pollination biology of Ailanthus altissima (Mill.) Swingle (Tree-of-Heaven) in the Mid-Atlantic United States (Doctoral dissertation, Virginia Tech).
	ITIS:180402	Myocastor coypus					http://purl.obolibrary.org/obo/RO_0002470	eats		ITIS:40382	Agropyron repens					GEONAMES:2996114	Marais Poitevin			1984-04/1986-04	10.1111/j.1469-7998.1991.tb06033.x		Abbas, A. (1991). Feeding strategy of coypu (Myocastor coypus) in central western France. Journal of Zoology, 224(3), 385-401.
	ITIS:180402	Myocastor coypus					http://purl.obolibrary.org/obo/RO_0002470	eats		ITIS:40400	Agrostis stolonifera					GEONAMES:2996114	Marais Poitevin			1984-04/1986-04	10.1111/j.1469-7998.1991.tb06033.x		Abbas, A. (1991). Feeding strategy of coypu (Myocastor coypus) in central western France. Journal of Zoology, 224(3), 385-401.
	ITIS:180402	Myocastor coypus					http://purl.obolibrary.org/obo/RO_0002470	eats		ITIS:41443	Arrhenatherum elatius					GEONAMES:2996114	Marais Poitevin			1984-04/1986-04	10.1111/j.1469-7998.1991.tb06033.x		Abbas, A. (1991). Feeding strategy of coypu (Myocastor coypus) in central western France. Journal of Zoology, 224(3), 385-401.
	ITIS:180402	Myocastor coypus					http://purl.obolibrary.org/obo/RO_0002470	eats		ITIS:18007	Azolla filiculoides					GEONAMES:2996114	Marais Poitevin			1984-04/1986-04	10.1111/j.1469-7998.1991.tb06033.x		Abbas, A. (1991). Feeding strategy of coypu (Myocastor coypus) in central western France. Journal of Zoology, 224(3), 385-401.
	ITIS:180402	Myocastor coypus					http://purl.obolibrary.org/obo/RO_0002470	eats		ITIS:40497	Bromus commutatus					GEONAMES:2996114	Marais Poitevin			1984-04/1986-04	10.1111/j.1469-7998.1991.tb06033.x		Abbas, A. (1991). Feeding strategy of coypu (Myocastor coypus) in central western France. Journal of Zoology, 224(3), 385-401.
	ITIS:180402	Myocastor coypus					http://purl.obolibrary.org/obo/RO_0002470	eats		ITIS:22773	Cardamine pratensis					GEONAMES:2996114	Marais Poitevin			1984-04/1986-04	10.1111/j.1469-7998.1991.tb06033.x		Abbas, A. (1991). Feeding strategy of coypu (Myocastor coypus) in central western France. Journal of Zoology, 224(3), 385-401.
	ITIS:180402	Myocastor coypus					http://purl.obolibrary.org/obo/RO_0002470	eats		ITIS:39462	Carex pseudocyperus					GEONAMES:2996114	Marais Poitevin			1984-04/1986-04	10.1111/j.1469-7998.1991.tb06033.x		Abbas, A. (1991). Feeding strategy of coypu (Myocastor coypus) in central western France. Journal of Zoology, 224(3), 385-401.
	ITIS:180402	Myocastor coypus					http://purl.obolibrary.org/obo/RO_0002470	eats		NCBI:txid312765	Carex riparia					GEONAMES:2996114	Marais Poitevin			1984-04/1986-04	10.1111/j.1469-7998.1991.tb06033.x		Abbas, A. (1991). Feeding strategy of coypu (Myocastor coypus) in central western France. Journal of Zoology, 224(3), 385-401.
	ITIS:180402	Myocastor coypus					http://purl.obolibrary.org/obo/RO_0002470	eats		ITIS:18403	Ceratophyllum demersum					GEONAMES:2996114	Marais Poitevin			1984-04/1986-04	10.1111/j.1469-7998.1991.tb06033.x		Abbas, A. (1991). Feeding strategy of coypu (Myocastor coypus) in central western France. Journal of Zoology, 224(3), 385-401.
	ITIS:180402	Myocastor coypus					http://purl.obolibrary.org/obo/RO_0002470	eats		ITIS:30705	Convolvulus arvensis					GEONAMES:2996114	Marais Poitevin			1984-04/1986-04	10.1111/j.1469-7998.1991.tb06033.x		Abbas, A. (1991). Feeding strategy of coypu (Myocastor coypus) in central western France. Journal of Zoology, 224(3), 385-401.
	ITIS:180402	Myocastor coypus					http://purl.obolibrary.org/obo/RO_0002470	eats		ITIS:784875	Festuca arundinacea					GEONAMES:2996114	Marais Poitevin			1984-04/1986-04	10.1111/j.1469-7998.1991.tb06033.x		Abbas, A. (1991). Feeding strategy of coypu (Myocastor coypus) in central western France. Journal of Zoology, 224(3), 385-401.
	ITIS:180402	Myocastor coypus					http://purl.obolibrary.org/obo/RO_0002470	eats		ITIS:784877	Festuca pratensis					GEONAMES:2996114	Marais Poitevin			1984-04/1986-04	10.1111/j.1469-7998.1991.tb06033.x		Abbas, A. (1991). Feeding strategy of coypu (Myocastor coypus) in central western France. Journal of Zoology, 224(3), 385-401.
	ITIS:180402	Myocastor coypus					http://purl.obolibrary.org/obo/RO_0002470	eats		ITIS:25171	Filipendula ulmaria					GEONAMES:2996114	Marais Poitevin			1984-04/1986-04	10.1111/j.1469-7998.1991.tb06033.x		Abbas, A. (1991). Feeding strategy of coypu (Myocastor coypus) in central western France. Journal of Zoology, 224(3), 385-401.
	ITIS:180402	Myocastor coypus					http://purl.obolibrary.org/obo/RO_0002470	eats		ITIS:34796	Galium sp.					GEONAMES:2996114	Marais Poitevin			1984-04/1986-04	10.1111/j.1469-7998.1991.tb06033.x		Abbas, A. (1991). Feeding strategy of coypu (Myocastor coypus) in central western France. Journal of Zoology, 224(3), 385-401.
	ITIS:180402	Myocastor coypus					http://purl.obolibrary.org/obo/RO_0002470	eats		ITIS:502801	Glechoma hederacea					GEONAMES:2996114	Marais Poitevin			1984-04/1986-04	10.1111/j.1469-7998.1991.tb06033.x		Abbas, A. (1991). Feeding strategy of coypu (Myocastor coypus) in central western France. Journal of Zoology, 224(3), 385-401.
	ITIS:180402	Myocastor coypus					http://purl.obolibrary.org/obo/RO_0002470	eats		ITIS:41541	Glyceria aquatica					GEONAMES:2996114	Marais Poitevin			1984-04/1986-04	10.1111/j.1469-7998.1991.tb06033.x		Abbas, A. (1991). Feeding strategy of coypu (Myocastor coypus) in central western France. Journal of Zoology, 224(3), 385-401.
	ITIS:180402	Myocastor coypus					http://purl.obolibrary.org/obo/RO_0002470	eats		ITIS:40844	Glyceria fluitans					GEONAMES:2996114	Marais Poitevin			1984-04/1986-04	10.1111/j.1469-7998.1991.tb06033.x		Abbas, A. (1991). Feeding strategy of coypu (Myocastor coypus) in central western France. Journal of Zoology, 224(3), 385-401.
	ITIS:180402	Myocastor coypus					http://purl.obolibrary.org/obo/RO_0002470	eats		ITIS:40846	Glyceria maxima					GEONAMES:2996114	Marais Poitevin			1984-04/1986-04	10.1111/j.1469-7998.1991.tb06033.x		Abbas, A. (1991). Feeding strategy of coypu (Myocastor coypus) in central western France. Journal of Zoology, 224(3), 385-401.
	ITIS:180402	Myocastor coypus					http://purl.obolibrary.org/obo/RO_0002470	eats		ITIS:29393	Hedera helix					GEONAMES:2996114	Marais Poitevin			1984-04/1986-04	10.1111/j.1469-7998.1991.tb06033.x		Abbas, A. (1991). Feeding strategy of coypu (Myocastor coypus) in central western France. Journal of Zoology, 224(3), 385-401.
	ITIS:180402	Myocastor coypus					http://purl.obolibrary.org/obo/RO_0002470	eats		ITIS:503098	Hydrocharis morsus-ranae					GEONAMES:2996114	Marais Poitevin			1984-04/1986-04	10.1111/j.1469-7998.1991.tb06033.x		Abbas, A. (1991). Feeding strategy of coypu (Myocastor coypus) in central western France. Journal of Zoology, 224(3), 385-401.
	ITIS:180402	Myocastor coypus					http://purl.obolibrary.org/obo/RO_0002470	eats		ITIS:42591	Lemna gibba					GEONAMES:2996114	Marais Poitevin			1984-04/1986-04	10.1111/j.1469-7998.1991.tb06033.x		Abbas, A. (1991). Feeding strategy of coypu (Myocastor coypus) in central western France. Journal of Zoology, 224(3), 385-401.
	ITIS:180402	Myocastor coypus					http://purl.obolibrary.org/obo/RO_0002470	eats		ITIS:42590	Lemna minor					GEONAMES:2996114	Marais Poitevin			1984-04/1986-04	10.1111/j.1469-7998.1991.tb06033.x		Abbas, A. (1991). Feeding strategy of coypu (Myocastor coypus) in central western France. Journal of Zoology, 224(3), 385-401.
	ITIS:180402	Myocastor coypus					http://purl.obolibrary.org/obo/RO_0002470	eats		ITIS:40892	Lolium italicum					GEONAMES:2996114	Marais Poitevin			1984-04/1986-04	10.1111/j.1469-7998.1991.tb06033.x		Abbas, A. (1991). Feeding strategy of coypu (Myocastor coypus) in central western France. Journal of Zoology, 224(3), 385-401.
	ITIS:180402	Myocastor coypus					http://purl.obolibrary.org/obo/RO_0002470	eats		ITIS:23993	Lysimachia nummularia					GEONAMES:2996114	Marais Poitevin			1984-04/1986-04	10.1111/j.1469-7998.1991.tb06033.x		Abbas, A. (1991). Feeding strategy of coypu (Myocastor coypus) in central western France. Journal of Zoology, 224(3), 385-401.
	ITIS:180402	Myocastor coypus					http://purl.obolibrary.org/obo/RO_0002470	eats		ITIS:20314	Malachium aquaticum					GEONAMES:2996114	Marais Poitevin			1984-04/1986-04	10.1111/j.1469-7998.1991.tb06033.x		Abbas, A. (1991). Feeding strategy of coypu (Myocastor coypus) in central western France. Journal of Zoology, 224(3), 385-401.
	ITIS:180402	Myocastor coypus					http://purl.obolibrary.org/obo/RO_0002470	eats		ITIS:27040	Myriophyllum verticillatum					GEONAMES:2996114	Marais Poitevin			1984-04/1986-04	10.1111/j.1469-7998.1991.tb06033.x		Abbas, A. (1991). Feeding strategy of coypu (Myocastor coypus) in central western France. Journal of Zoology, 224(3), 385-401.
	ITIS:180402	Myocastor coypus					http://purl.obolibrary.org/obo/RO_0002470	eats		ITIS:41335	Phalaris arundinacea					GEONAMES:2996114	Marais Poitevin			1984-04/1986-04	10.1111/j.1469-7998.1991.tb06033.x		Abbas, A. (1991). Feeding strategy of coypu (Myocastor coypus) in central western France. Journal of Zoology, 224(3), 385-401.
	ITIS:180402	Myocastor coypus					http://purl.obolibrary.org/obo/RO_0002470	eats		ITIS:41072	Phragmites communis					GEONAMES:2996114	Marais Poitevin			1984-04/1986-04	10.1111/j.1469-7998.1991.tb06033.x		Abbas, A. (1991). Feeding strategy of coypu (Myocastor coypus) in central western France. Journal of Zoology, 224(3), 385-401.
	ITIS:180402	Myocastor coypus					http://purl.obolibrary.org/obo/RO_0002470	eats		ITIS:32874	Plantago lanceolata					GEONAMES:2996114	Marais Poitevin			1984-04/1986-04	10.1111/j.1469-7998.1991.tb06033.x		Abbas, A. (1991). Feeding strategy of coypu (Myocastor coypus) in central western France. Journal of Zoology, 224(3), 385-401.
	ITIS:180402	Myocastor coypus					http://purl.obolibrary.org/obo/RO_0002470	eats		ITIS:41107	Poa annua					GEONAMES:2996114	Marais Poitevin			1984-04/1986-04	10.1111/j.1469-7998.1991.tb06033.x		Abbas, A. (1991). Feeding strategy of coypu (Myocastor coypus) in central western France. Journal of Zoology, 224(3), 385-401.
	ITIS:180402	Myocastor coypus					http://purl.obolibrary.org/obo/RO_0002470	eats		ITIS:41163	Poa trivialis					GEONAMES:2996114	Marais Poitevin			1984-04/1986-04	10.1111/j.1469-7998.1991.tb06033.x		Abbas, A. (1991). Feeding strategy of coypu (Myocastor coypus) in central western France. Journal of Zoology, 224(3), 385-401.
	ITIS:180402	Myocastor coypus					http://purl.obolibrary.org/obo/RO_0002470	eats		ITIS:20847	Polygonum sp.					GEONAMES:2996114	Marais Poitevin			1984-04/1986-04	10.1111/j.1469-7998.1991.tb06033.x		Abbas, A. (1991). Feeding strategy of coypu (Myocastor coypus) in central western France. Journal of Zoology, 224(3), 385-401.
	ITIS:180402	Myocastor coypus					http://purl.obolibrary.org/obo/RO_0002470	eats		ITIS:39005	Potamogeton sp.					GEONAMES:2996114	Marais Poitevin			1984-04/1986-04	10.1111/j.1469-7998.1991.tb06033.x		Abbas, A. (1991). Feeding strategy of coypu (Myocastor coypus) in central western France. Journal of Zoology, 224(3), 385-401.
	ITIS:180402	Myocastor coypus					http://purl.obolibrary.org/obo/RO_0002470	eats		ITIS:24687	Potentilla anserina					GEONAMES:2996114	Marais Poitevin			1984-04/1986-04	10.1111/j.1469-7998.1991.tb06033.x		Abbas, A. (1991). Feeding strategy of coypu (Myocastor coypus) in central western France. Journal of Zoology, 224(3), 385-401.
	ITIS:180402	Myocastor coypus					http://purl.obolibrary.org/obo/RO_0002470	eats		ITIS:24743	Potentilla reptans					GEONAMES:2996114	Marais Poitevin			1984-04/1986-04	10.1111/j.1469-7998.1991.tb06033.x		Abbas, A. (1991). Feeding strategy of coypu (Myocastor coypus) in central western France. Journal of Zoology, 224(3), 385-401.
	ITIS:180402	Myocastor coypus					http://purl.obolibrary.org/obo/RO_0002470	eats		ITIS:32381	Prunella vulgaris					GEONAMES:2996114	Marais Poitevin			1984-04/1986-04	10.1111/j.1469-7998.1991.tb06033.x		Abbas, A. (1991). Feeding strategy of coypu (Myocastor coypus) in central western France. Journal of Zoology, 224(3), 385-401.
	ITIS:180402	Myocastor coypus					http://purl.obolibrary.org/obo/RO_0002470	eats		ITIS:24802	Prunus spinosa					GEONAMES:2996114	Marais Poitevin			1984-04/1986-04	10.1111/j.1469-7998.1991.tb06033.x		Abbas, A. (1991). Feeding strategy of coypu (Myocastor coypus) in central western France. Journal of Zoology, 224(3), 385-401.
	ITIS:180402	Myocastor coypus					http://purl.obolibrary.org/obo/RO_0002470	eats		ITIS:18603	Ranunculus ficaria					GEONAMES:2996114	Marais Poitevin			1984-04/1986-04	10.1111/j.1469-7998.1991.tb06033.x		Abbas, A. (1991). Feeding strategy of coypu (Myocastor coypus) in central western France. Journal of Zoology, 224(3), 385-401.
	ITIS:180402	Myocastor coypus					http://purl.obolibrary.org/obo/RO_0002470	eats		ITIS:18583	Ranunculus acris					GEONAMES:2996114	Marais Poitevin			1984-04/1986-04	10.1111/j.1469-7998.1991.tb06033.x		Abbas, A. (1991). Feeding strategy of coypu (Myocastor coypus) in central western France. Journal of Zoology, 224(3), 385-401.
	ITIS:180402	Myocastor coypus					http://purl.obolibrary.org/obo/RO_0002470	eats		ITIS:18642	Ranunculus repens					GEONAMES:2996114	Marais Poitevin			1984-04/1986-04	10.1111/j.1469-7998.1991.tb06033.x		Abbas, A. (1991). Feeding strategy of coypu (Myocastor coypus) in central western France. Journal of Zoology, 224(3), 385-401.
	ITIS:180402	Myocastor coypus					http://purl.obolibrary.org/obo/RO_0002470	eats		ITIS:24848	Rubus sp.					GEONAMES:2996114	Marais Poitevin			1984-04/1986-04	10.1111/j.1469-7998.1991.tb06033.x		Abbas, A. (1991). Feeding strategy of coypu (Myocastor coypus) in central western France. Journal of Zoology, 224(3), 385-401.
	ITIS:180402	Myocastor coypus					http://purl.obolibrary.org/obo/RO_0002470	eats		ITIS:40225	Scirpus sp.					GEONAMES:2996114	Marais Poitevin			1984-04/1986-04	10.1111/j.1469-7998.1991.tb06033.x		Abbas, A. (1991). Feeding strategy of coypu (Myocastor coypus) in central western France. Journal of Zoology, 224(3), 385-401.
	ITIS:180402	Myocastor coypus					http://purl.obolibrary.org/obo/RO_0002470	eats		ITIS:42599	Spirodela polyrhiza					GEONAMES:2996114	Marais Poitevin			1984-04/1986-04	10.1111/j.1469-7998.1991.tb06033.x		Abbas, A. (1991). Feeding strategy of coypu (Myocastor coypus) in central western France. Journal of Zoology, 224(3), 385-401.
	ITIS:180402	Myocastor coypus					http://purl.obolibrary.org/obo/RO_0002470	eats		ITIS:548242	Stereodon cupressiformae					GEONAMES:2996114	Marais Poitevin			1984-04/1986-04	10.1111/j.1469-7998.1991.tb06033.x		Abbas, A. (1991). Feeding strategy of coypu (Myocastor coypus) in central western France. Journal of Zoology, 224(3), 385-401.
	ITIS:180402	Myocastor coypus					http://purl.obolibrary.org/obo/RO_0002470	eats		ITIS:42237	Triticum sativum					GEONAMES:2996114	Marais Poitevin			1984-04/1986-04	10.1111/j.1469-7998.1991.tb06033.x		Abbas, A. (1991). Feeding strategy of coypu (Myocastor coypus) in central western France. Journal of Zoology, 224(3), 385-401.
	ITIS:180402	Myocastor coypus					http://purl.obolibrary.org/obo/RO_0002470	eats		ITIS:33396	Veronica sp.					GEONAMES:2996114	Marais Poitevin			1984-04/1986-04	10.1111/j.1469-7998.1991.tb06033.x		Abbas, A. (1991). Feeding strategy of coypu (Myocastor coypus) in central western France. Journal of Zoology, 224(3), 385-401.
	ITIS:180402	Myocastor coypus					http://purl.obolibrary.org/obo/RO_0002470	eats		ITIS:42269	Zea mays					GEONAMES:2996114	Marais Poitevin			1984-04/1986-04	10.1111/j.1469-7998.1991.tb06033.x		Abbas, A. (1991). Feeding strategy of coypu (Myocastor coypus) in central western France. Journal of Zoology, 224(3), 385-401.
	ITIS:183821	Nyctereutes procyonoides					http://purl.obolibrary.org/obo/RO_0002470	eats		ITIS:970613	Myodes glareolus						Jutland peninsular, Denmark			2008/2016	10.1007/s13364-018-0372-2		Elmeros, M., Mikkelsen, D. M. G., Nørgaard, L. S., Pertoldi, C., Jensen, T. H., & Chriél, M. (2018). The diet of feral raccoon dog (Nyctereutes procyonoides) and native badger (Meles meles) and red fox (Vulpes vulpes) in Denmark. Mammal Research, 63(4), 405-413.
	ITIS:183821	Nyctereutes procyonoides					http://purl.obolibrary.org/obo/RO_0002470	eats		ITIS:970588	Arvicola amphibius						Jutland peninsular, Denmark			2008/2016	10.1007/s13364-018-0372-2		Elmeros, M., Mikkelsen, D. M. G., Nørgaard, L. S., Pertoldi, C., Jensen, T. H., & Chriél, M. (2018). The diet of feral raccoon dog (Nyctereutes procyonoides) and native badger (Meles meles) and red fox (Vulpes vulpes) in Denmark. Mammal Research, 63(4), 405-413.
	ITIS:183821	Nyctereutes procyonoides					http://purl.obolibrary.org/obo/RO_0002470	eats		ITIS:180296	Microtus						Jutland peninsular, Denmark			2008/2016	10.1007/s13364-018-0372-2		Elmeros, M., Mikkelsen, D. M. G., Nørgaard, L. S., Pertoldi, C., Jensen, T. H., & Chriél, M. (2018). The diet of feral raccoon dog (Nyctereutes procyonoides) and native badger (Meles meles) and red fox (Vulpes vulpes) in Denmark. Mammal Research, 63(4), 405-413.
	ITIS:183821	Nyctereutes procyonoides					http://purl.obolibrary.org/obo/RO_0002470	eats		ITIS:584983	Apodemus sp.						Jutland peninsular, Denmark			2008/2016	10.1007/s13364-018-0372-2		Elmeros, M., Mikkelsen, D. M. G., Nørgaard, L. S., Pertoldi, C., Jensen, T. H., & Chriél, M. (2018). The diet of feral raccoon dog (Nyctereutes procyonoides) and native badger (Meles meles) and red fox (Vulpes vulpes) in Denmark. Mammal Research, 63(4), 405-413.
	ITIS:183821	Nyctereutes procyonoides					http://purl.obolibrary.org/obo/RO_0002470	eats		ITIS:180361	Rattus sp						Jutland peninsular, Denmark			2008/2016	10.1007/s13364-018-0372-2		Elmeros, M., Mikkelsen, D. M. G., Nørgaard, L. S., Pertoldi, C., Jensen, T. H., & Chriél, M. (2018). The diet of feral raccoon dog (Nyctereutes procyonoides) and native badger (Meles meles) and red fox (Vulpes vulpes) in Denmark. Mammal Research, 63(4), 405-413.
	ITIS:183821	Nyctereutes procyonoides					http://purl.obolibrary.org/obo/RO_0002470	eats		ITIS:180366	Mus musculus						Jutland peninsular, Denmark			2008/2016	10.1007/s13364-018-0372-2		Elmeros, M., Mikkelsen, D. M. G., Nørgaard, L. S., Pertoldi, C., Jensen, T. H., & Chriél, M. (2018). The diet of feral raccoon dog (Nyctereutes procyonoides) and native badger (Meles meles) and red fox (Vulpes vulpes) in Denmark. Mammal Research, 63(4), 405-413.
	ITIS:183821	Nyctereutes procyonoides					http://purl.obolibrary.org/obo/RO_0002470	eats		ITIS:633540	Erinaceus europaeus						Jutland peninsular, Denmark			2008/2016	10.1007/s13364-018-0372-2		Elmeros, M., Mikkelsen, D. M. G., Nørgaard, L. S., Pertoldi, C., Jensen, T. H., & Chriél, M. (2018). The diet of feral raccoon dog (Nyctereutes procyonoides) and native badger (Meles meles) and red fox (Vulpes vulpes) in Denmark. Mammal Research, 63(4), 405-413.
	ITIS:183821	Nyctereutes procyonoides					http://purl.obolibrary.org/obo/RO_0002470	eats		ITIS:633852	Talpa europaea						Jutland peninsular, Denmark			2008/2016	10.1007/s13364-018-0372-2		Elmeros, M., Mikkelsen, D. M. G., Nørgaard, L. S., Pertoldi, C., Jensen, T. H., & Chriél, M. (2018). The diet of feral raccoon dog (Nyctereutes procyonoides) and native badger (Meles meles) and red fox (Vulpes vulpes) in Denmark. Mammal Research, 63(4), 405-413.
	ITIS:183821	Nyctereutes procyonoides					http://purl.obolibrary.org/obo/RO_0002470	eats		ITIS:179927	Soricidae						Jutland peninsular, Denmark			2008/2016	10.1007/s13364-018-0372-2		Elmeros, M., Mikkelsen, D. M. G., Nørgaard, L. S., Pertoldi, C., Jensen, T. H., & Chriél, M. (2018). The diet of feral raccoon dog (Nyctereutes procyonoides) and native badger (Meles meles) and red fox (Vulpes vulpes) in Denmark. Mammal Research, 63(4), 405-413.
	ITIS:183821	Nyctereutes procyonoides					http://purl.obolibrary.org/obo/RO_0002470	eats		ITIS:175693	Galliformes						Jutland peninsular, Denmark			2008/2016	10.1007/s13364-018-0372-2		Elmeros, M., Mikkelsen, D. M. G., Nørgaard, L. S., Pertoldi, C., Jensen, T. H., & Chriél, M. (2018). The diet of feral raccoon dog (Nyctereutes procyonoides) and native badger (Meles meles) and red fox (Vulpes vulpes) in Denmark. Mammal Research, 63(4), 405-413.
	ITIS:183821	Nyctereutes procyonoides					http://purl.obolibrary.org/obo/RO_0002470	eats		ITIS:174982	Anseriformes						Jutland peninsular, Denmark			2008/2016	10.1007/s13364-018-0372-2		Elmeros, M., Mikkelsen, D. M. G., Nørgaard, L. S., Pertoldi, C., Jensen, T. H., & Chriél, M. (2018). The diet of feral raccoon dog (Nyctereutes procyonoides) and native badger (Meles meles) and red fox (Vulpes vulpes) in Denmark. Mammal Research, 63(4), 405-413.
	ITIS:183821	Nyctereutes procyonoides					http://purl.obolibrary.org/obo/RO_0002470	eats			Ralliformes						Jutland peninsular, Denmark			2008/2016	10.1007/s13364-018-0372-2		Elmeros, M., Mikkelsen, D. M. G., Nørgaard, L. S., Pertoldi, C., Jensen, T. H., & Chriél, M. (2018). The diet of feral raccoon dog (Nyctereutes procyonoides) and native badger (Meles meles) and red fox (Vulpes vulpes) in Denmark. Mammal Research, 63(4), 405-413.
	ITIS:183821	Nyctereutes procyonoides					http://purl.obolibrary.org/obo/RO_0002470	eats		ITIS:177038	Columbiformes						Jutland peninsular, Denmark			2008/2016	10.1007/s13364-018-0372-2		Elmeros, M., Mikkelsen, D. M. G., Nørgaard, L. S., Pertoldi, C., Jensen, T. H., & Chriél, M. (2018). The diet of feral raccoon dog (Nyctereutes procyonoides) and native badger (Meles meles) and red fox (Vulpes vulpes) in Denmark. Mammal Research, 63(4), 405-413.
	ITIS:183821	Nyctereutes procyonoides					http://purl.obolibrary.org/obo/RO_0002470	eats		NCBI:txid8906	Charadiiformes						Jutland peninsular, Denmark			2008/2016	10.1007/s13364-018-0372-2		Elmeros, M., Mikkelsen, D. M. G., Nørgaard, L. S., Pertoldi, C., Jensen, T. H., & Chriél, M. (2018). The diet of feral raccoon dog (Nyctereutes procyonoides) and native badger (Meles meles) and red fox (Vulpes vulpes) in Denmark. Mammal Research, 63(4), 405-413.
	ITIS:183821	Nyctereutes procyonoides					http://purl.obolibrary.org/obo/RO_0002470	eats		ITIS:178265	Passeriformes						Jutland peninsular, Denmark			2008/2016	10.1007/s13364-018-0372-2		Elmeros, M., Mikkelsen, D. M. G., Nørgaard, L. S., Pertoldi, C., Jensen, T. H., & Chriél, M. (2018). The diet of feral raccoon dog (Nyctereutes procyonoides) and native badger (Meles meles) and red fox (Vulpes vulpes) in Denmark. Mammal Research, 63(4), 405-413.
	ITIS:183821	Nyctereutes procyonoides					http://purl.obolibrary.org/obo/RO_0002470	eats		ITIS:173423	Anura						Jutland peninsular, Denmark			2008/2016	10.1007/s13364-018-0372-2		Elmeros, M., Mikkelsen, D. M. G., Nørgaard, L. S., Pertoldi, C., Jensen, T. H., & Chriél, M. (2018). The diet of feral raccoon dog (Nyctereutes procyonoides) and native badger (Meles meles) and red fox (Vulpes vulpes) in Denmark. Mammal Research, 63(4), 405-413.
	ITIS:183821	Nyctereutes procyonoides					http://purl.obolibrary.org/obo/RO_0002470	eats		ITIS:173584	Caudata						Jutland peninsular, Denmark			2008/2016	10.1007/s13364-018-0372-2		Elmeros, M., Mikkelsen, D. M. G., Nørgaard, L. S., Pertoldi, C., Jensen, T. H., & Chriél, M. (2018). The diet of feral raccoon dog (Nyctereutes procyonoides) and native badger (Meles meles) and red fox (Vulpes vulpes) in Denmark. Mammal Research, 63(4), 405-413.
	ITIS:183821	Nyctereutes procyonoides					http://purl.obolibrary.org/obo/RO_0002470	eats		ITIS:209051	Lacertidae						Jutland peninsular, Denmark			2008/2016	10.1007/s13364-018-0372-2		Elmeros, M., Mikkelsen, D. M. G., Nørgaard, L. S., Pertoldi, C., Jensen, T. H., & Chriél, M. (2018). The diet of feral raccoon dog (Nyctereutes procyonoides) and native badger (Meles meles) and red fox (Vulpes vulpes) in Denmark. Mammal Research, 63(4), 405-413.
	ITIS:183821	Nyctereutes procyonoides					http://purl.obolibrary.org/obo/RO_0002470	eats		NCBI:txid102178	Anguis fragilis						Jutland peninsular, Denmark			2008/2016	10.1007/s13364-018-0372-2		Elmeros, M., Mikkelsen, D. M. G., Nørgaard, L. S., Pertoldi, C., Jensen, T. H., & Chriél, M. (2018). The diet of feral raccoon dog (Nyctereutes procyonoides) and native badger (Meles meles) and red fox (Vulpes vulpes) in Denmark. Mammal Research, 63(4), 405-413.
	ITIS:183821	Nyctereutes procyonoides					http://purl.obolibrary.org/obo/RO_0002470	eats		ITIS:700799	Natrix natrix						Jutland peninsular, Denmark			2008/2016	10.1007/s13364-018-0372-2		Elmeros, M., Mikkelsen, D. M. G., Nørgaard, L. S., Pertoldi, C., Jensen, T. H., & Chriél, M. (2018). The diet of feral raccoon dog (Nyctereutes procyonoides) and native badger (Meles meles) and red fox (Vulpes vulpes) in Denmark. Mammal Research, 63(4), 405-413.
	ITIS:183821	Nyctereutes procyonoides					http://purl.obolibrary.org/obo/RO_0002470	eats		ITIS:42269	Zea mays						Jutland peninsular, Denmark			2008/2016	10.1007/s13364-018-0372-2		Elmeros, M., Mikkelsen, D. M. G., Nørgaard, L. S., Pertoldi, C., Jensen, T. H., & Chriél, M. (2018). The diet of feral raccoon dog (Nyctereutes procyonoides) and native badger (Meles meles) and red fox (Vulpes vulpes) in Denmark. Mammal Research, 63(4), 405-413.
	ITIS:183821	Nyctereutes procyonoides					http://purl.obolibrary.org/obo/RO_0002470	eats		ITIS:24762	Prunus sp.						Jutland peninsular, Denmark			2008/2016	10.1007/s13364-018-0372-2		Elmeros, M., Mikkelsen, D. M. G., Nørgaard, L. S., Pertoldi, C., Jensen, T. H., & Chriél, M. (2018). The diet of feral raccoon dog (Nyctereutes procyonoides) and native badger (Meles meles) and red fox (Vulpes vulpes) in Denmark. Mammal Research, 63(4), 405-413.
	ITIS:183821	Nyctereutes procyonoides					http://purl.obolibrary.org/obo/RO_0002470	eats		ITIS:25254	Malus sp.						Jutland peninsular, Denmark			2008/2016	10.1007/s13364-018-0372-2		Elmeros, M., Mikkelsen, D. M. G., Nørgaard, L. S., Pertoldi, C., Jensen, T. H., & Chriél, M. (2018). The diet of feral raccoon dog (Nyctereutes procyonoides) and native badger (Meles meles) and red fox (Vulpes vulpes) in Denmark. Mammal Research, 63(4), 405-413.
	ITIS:183821	Nyctereutes procyonoides					http://purl.obolibrary.org/obo/RO_0002470	eats		ITIS:24539	Crataegus sp.						Jutland peninsular, Denmark			2008/2016	10.1007/s13364-018-0372-2		Elmeros, M., Mikkelsen, D. M. G., Nørgaard, L. S., Pertoldi, C., Jensen, T. H., & Chriél, M. (2018). The diet of feral raccoon dog (Nyctereutes procyonoides) and native badger (Meles meles) and red fox (Vulpes vulpes) in Denmark. Mammal Research, 63(4), 405-413.
	ITIS:183821	Nyctereutes procyonoides					http://purl.obolibrary.org/obo/RO_0002470	eats		ITIS:24807	Rosa sp.						Jutland peninsular, Denmark			2008/2016	10.1007/s13364-018-0372-2		Elmeros, M., Mikkelsen, D. M. G., Nørgaard, L. S., Pertoldi, C., Jensen, T. H., & Chriél, M. (2018). The diet of feral raccoon dog (Nyctereutes procyonoides) and native badger (Meles meles) and red fox (Vulpes vulpes) in Denmark. Mammal Research, 63(4), 405-413.
	ITIS:183821	Nyctereutes procyonoides					http://purl.obolibrary.org/obo/RO_0002470	eats		ITIS:24848	Rubus sp.						Jutland peninsular, Denmark			2008/2016	10.1007/s13364-018-0372-2		Elmeros, M., Mikkelsen, D. M. G., Nørgaard, L. S., Pertoldi, C., Jensen, T. H., & Chriél, M. (2018). The diet of feral raccoon dog (Nyctereutes procyonoides) and native badger (Meles meles) and red fox (Vulpes vulpes) in Denmark. Mammal Research, 63(4), 405-413.
	ITIS:183821	Nyctereutes procyonoides					http://purl.obolibrary.org/obo/RO_0002470	eats		ITIS:24624	Fragaria sp.						Jutland peninsular, Denmark			2008/2016	10.1007/s13364-018-0372-2		Elmeros, M., Mikkelsen, D. M. G., Nørgaard, L. S., Pertoldi, C., Jensen, T. H., & Chriél, M. (2018). The diet of feral raccoon dog (Nyctereutes procyonoides) and native badger (Meles meles) and red fox (Vulpes vulpes) in Denmark. Mammal Research, 63(4), 405-413.
	ITIS:183821	Nyctereutes procyonoides					http://purl.obolibrary.org/obo/RO_0002470	eats		ITIS:25318	Sorbus sp.						Jutland peninsular, Denmark			2008/2016	10.1007/s13364-018-0372-2		Elmeros, M., Mikkelsen, D. M. G., Nørgaard, L. S., Pertoldi, C., Jensen, T. H., & Chriél, M. (2018). The diet of feral raccoon dog (Nyctereutes procyonoides) and native badger (Meles meles) and red fox (Vulpes vulpes) in Denmark. Mammal Research, 63(4), 405-413.
	ITIS:183821	Nyctereutes procyonoides					http://purl.obolibrary.org/obo/RO_0002470	eats		ITIS:19276	Quercus sp.						Jutland peninsular, Denmark			2008/2016	10.1007/s13364-018-0372-2		Elmeros, M., Mikkelsen, D. M. G., Nørgaard, L. S., Pertoldi, C., Jensen, T. H., & Chriél, M. (2018). The diet of feral raccoon dog (Nyctereutes procyonoides) and native badger (Meles meles) and red fox (Vulpes vulpes) in Denmark. Mammal Research, 63(4), 405-413.
	ITIS:183821	Nyctereutes procyonoides					http://purl.obolibrary.org/obo/RO_0002470	eats		ITIS:42269	Zea mays						East Germany			1989-02/2005-12	10.4098/j.at.0001-7051.035.2009		Sutor, A., Kauhala, K., & Ansorge, H. (2010). Diet of the raccoon dog Nyctereutes procyonoides—a canid with an opportunistic foraging strategy. Acta Theriologica, 55(2), 165-176.
	ITIS:183821	Nyctereutes procyonoides					http://purl.obolibrary.org/obo/RO_0002470	eats		ITIS:632856	Microtus arvalis						East Germany			1989-02/2005-12	10.4098/j.at.0001-7051.035.2009		Sutor, A., Kauhala, K., & Ansorge, H. (2010). Diet of the raccoon dog Nyctereutes procyonoides—a canid with an opportunistic foraging strategy. Acta Theriologica, 55(2), 165-176.
	ITIS:183821	Nyctereutes procyonoides					http://purl.obolibrary.org/obo/RO_0002470	eats		ITIS:970588	Arvicola terrestris						East Germany			1989-02/2005-12	10.4098/j.at.0001-7051.035.2009		Sutor, A., Kauhala, K., & Ansorge, H. (2010). Diet of the raccoon dog Nyctereutes procyonoides—a canid with an opportunistic foraging strategy. Acta Theriologica, 55(2), 165-176.
	ITIS:183821	Nyctereutes procyonoides					http://purl.obolibrary.org/obo/RO_0002470	eats		ITIS:179927	Soricidae						East Germany			1989-02/2005-12	10.4098/j.at.0001-7051.035.2009		Sutor, A., Kauhala, K., & Ansorge, H. (2010). Diet of the raccoon dog Nyctereutes procyonoides—a canid with an opportunistic foraging strategy. Acta Theriologica, 55(2), 165-176.
	ITIS:183821	Nyctereutes procyonoides					http://purl.obolibrary.org/obo/RO_0002470	eats		ITIS:977384	Lumbricus terrestris						East Germany			1989-02/2005-12	10.4098/j.at.0001-7051.035.2009		Sutor, A., Kauhala, K., & Ansorge, H. (2010). Diet of the raccoon dog Nyctereutes procyonoides—a canid with an opportunistic foraging strategy. Acta Theriologica, 55(2), 165-176.
	ITIS:183821	Nyctereutes procyonoides					http://purl.obolibrary.org/obo/RO_0002470	eats		ITIS:25254	Malus sp.						East Germany			1989-02/2005-12	10.4098/j.at.0001-7051.035.2009		Sutor, A., Kauhala, K., & Ansorge, H. (2010). Diet of the raccoon dog Nyctereutes procyonoides—a canid with an opportunistic foraging strategy. Acta Theriologica, 55(2), 165-176.
	ITIS:183821	Nyctereutes procyonoides					http://purl.obolibrary.org/obo/RO_0002470	eats		ITIS:25294	Pyrus sp.						East Germany			1989-02/2005-12	10.4098/j.at.0001-7051.035.2009		Sutor, A., Kauhala, K., & Ansorge, H. (2010). Diet of the raccoon dog Nyctereutes procyonoides—a canid with an opportunistic foraging strategy. Acta Theriologica, 55(2), 165-176.
	ITIS:183821	Nyctereutes procyonoides					http://purl.obolibrary.org/obo/RO_0002470	eats		ITIS:178398	Alauda arvensis						East Germany			1989-02/2005-12	10.4098/j.at.0001-7051.035.2009		Sutor, A., Kauhala, K., & Ansorge, H. (2010). Diet of the raccoon dog Nyctereutes procyonoides—a canid with an opportunistic foraging strategy. Acta Theriologica, 55(2), 165-176.
	ITIS:183821	Nyctereutes procyonoides					http://purl.obolibrary.org/obo/RO_0002470	eats		ITIS:179752	Turdus sp.						East Germany			1989-02/2005-12	10.4098/j.at.0001-7051.035.2009		Sutor, A., Kauhala, K., & Ansorge, H. (2010). Diet of the raccoon dog Nyctereutes procyonoides—a canid with an opportunistic foraging strategy. Acta Theriologica, 55(2), 165-176.
	ITIS:183821	Nyctereutes procyonoides					http://purl.obolibrary.org/obo/RO_0002470	eats		ITIS:175063	Anas platyrhynchos						East Germany			1989-02/2005-12	10.4098/j.at.0001-7051.035.2009		Sutor, A., Kauhala, K., & Ansorge, H. (2010). Diet of the raccoon dog Nyctereutes procyonoides—a canid with an opportunistic foraging strategy. Acta Theriologica, 55(2), 165-176.
	ITIS:183821	Nyctereutes procyonoides					http://purl.obolibrary.org/obo/RO_0002470	eats		ITIS:1094181	Ranidae						East Germany			1989-02/2005-12	10.4098/j.at.0001-7051.035.2009		Sutor, A., Kauhala, K., & Ansorge, H. (2010). Diet of the raccoon dog Nyctereutes procyonoides—a canid with an opportunistic foraging strategy. Acta Theriologica, 55(2), 165-176.
	ITIS:183821	Nyctereutes procyonoides					http://purl.obolibrary.org/obo/RO_0002470	eats		ITIS:173471	Bufonidae						East Germany			1989-02/2005-12	10.4098/j.at.0001-7051.035.2009		Sutor, A., Kauhala, K., & Ansorge, H. (2010). Diet of the raccoon dog Nyctereutes procyonoides—a canid with an opportunistic foraging strategy. Acta Theriologica, 55(2), 165-176.
	ITIS:183821	Nyctereutes procyonoides					http://purl.obolibrary.org/obo/RO_0002470	eats		ITIS:632855	Microtus agrestis						southern and central Finland			1986/1990		https://www.biodiversitylibrary.org/page/45572144	Kauhala, K., Kaunisto, M., & Helle, E. (1993). Diet of the raccoon dog, Nyctereutes procyonoides, in Finland. Zeitschrift für säugetierkunde, 58(3), 129-136.
	ITIS:183821	Nyctereutes procyonoides					http://purl.obolibrary.org/obo/RO_0002470	eats		ITIS:632826	Clethrionomys glareolus						southern and central Finland			1986/1990		https://www.biodiversitylibrary.org/page/45572144	Kauhala, K., Kaunisto, M., & Helle, E. (1993). Diet of the raccoon dog, Nyctereutes procyonoides, in Finland. Zeitschrift für säugetierkunde, 58(3), 129-136.
	ITIS:183821	Nyctereutes procyonoides					http://purl.obolibrary.org/obo/RO_0002470	eats		ITIS:180318	Ondatra zibethicus						southern and central Finland			1986/1990		https://www.biodiversitylibrary.org/page/45572144	Kauhala, K., Kaunisto, M., & Helle, E. (1993). Diet of the raccoon dog, Nyctereutes procyonoides, in Finland. Zeitschrift für säugetierkunde, 58(3), 129-136.
	ITIS:183821	Nyctereutes procyonoides					http://purl.obolibrary.org/obo/RO_0002470	eats		ITIS:585369	Micromys minutus						southern and central Finland			1986/1990		https://www.biodiversitylibrary.org/page/45572144	Kauhala, K., Kaunisto, M., & Helle, E. (1993). Diet of the raccoon dog, Nyctereutes procyonoides, in Finland. Zeitschrift für säugetierkunde, 58(3), 129-136.
	ITIS:183821	Nyctereutes procyonoides					http://purl.obolibrary.org/obo/RO_0002470	eats		ITIS:180363	Rattus norvegicus						southern and central Finland			1986/1990		https://www.biodiversitylibrary.org/page/45572144	Kauhala, K., Kaunisto, M., & Helle, E. (1993). Diet of the raccoon dog, Nyctereutes procyonoides, in Finland. Zeitschrift für säugetierkunde, 58(3), 129-136.
	ITIS:183821	Nyctereutes procyonoides					http://purl.obolibrary.org/obo/RO_0002470	eats		ITIS:179928	Sorex sp.						southern and central Finland			1986/1990		https://www.biodiversitylibrary.org/page/45572144	Kauhala, K., Kaunisto, M., & Helle, E. (1993). Diet of the raccoon dog, Nyctereutes procyonoides, in Finland. Zeitschrift für säugetierkunde, 58(3), 129-136.
	ITIS:183821	Nyctereutes procyonoides					http://purl.obolibrary.org/obo/RO_0002470	eats		ITIS:180111	Lepus sp.						southern and central Finland			1986/1990		https://www.biodiversitylibrary.org/page/45572144	Kauhala, K., Kaunisto, M., & Helle, E. (1993). Diet of the raccoon dog, Nyctereutes procyonoides, in Finland. Zeitschrift für säugetierkunde, 58(3), 129-136.
	ITIS:183821	Nyctereutes procyonoides					http://purl.obolibrary.org/obo/RO_0002470	eats		ITIS:175905	Phasianus colchicus						southern and central Finland			1986/1990		https://www.biodiversitylibrary.org/page/45572144	Kauhala, K., Kaunisto, M., & Helle, E. (1993). Diet of the raccoon dog, Nyctereutes procyonoides, in Finland. Zeitschrift für säugetierkunde, 58(3), 129-136.
	ITIS:183821	Nyctereutes procyonoides					http://purl.obolibrary.org/obo/RO_0002470	eats		ITIS:677538	Tetrao tetrix						southern and central Finland			1986/1990		https://www.biodiversitylibrary.org/page/45572144	Kauhala, K., Kaunisto, M., & Helle, E. (1993). Diet of the raccoon dog, Nyctereutes procyonoides, in Finland. Zeitschrift für säugetierkunde, 58(3), 129-136.
	ITIS:183821	Nyctereutes procyonoides					http://purl.obolibrary.org/obo/RO_0002470	eats		ITIS:677536	Bonasa bonasia						southern and central Finland			1986/1990		https://www.biodiversitylibrary.org/page/45572144	Kauhala, K., Kaunisto, M., & Helle, E. (1993). Diet of the raccoon dog, Nyctereutes procyonoides, in Finland. Zeitschrift für säugetierkunde, 58(3), 129-136.
	ITIS:183821	Nyctereutes procyonoides					http://purl.obolibrary.org/obo/RO_0002470	eats		ITIS:175063	Anas platyrhynchos						southern and central Finland			1986/1990		https://www.biodiversitylibrary.org/page/45572144	Kauhala, K., Kaunisto, M., & Helle, E. (1993). Diet of the raccoon dog, Nyctereutes procyonoides, in Finland. Zeitschrift für säugetierkunde, 58(3), 129-136.
	ITIS:183821	Nyctereutes procyonoides					http://purl.obolibrary.org/obo/RO_0002470	eats		ITIS:175081	Anas crecca						southern and central Finland			1986/1990		https://www.biodiversitylibrary.org/page/45572144	Kauhala, K., Kaunisto, M., & Helle, E. (1993). Diet of the raccoon dog, Nyctereutes procyonoides, in Finland. Zeitschrift für säugetierkunde, 58(3), 129-136.
	ITIS:183821	Nyctereutes procyonoides					http://purl.obolibrary.org/obo/RO_0002470	eats		ITIS:175185	Mergus merganser						southern and central Finland			1986/1990		https://www.biodiversitylibrary.org/page/45572144	Kauhala, K., Kaunisto, M., & Helle, E. (1993). Diet of the raccoon dog, Nyctereutes procyonoides, in Finland. Zeitschrift für säugetierkunde, 58(3), 129-136.
	ITIS:183821	Nyctereutes procyonoides					http://purl.obolibrary.org/obo/RO_0002470	eats		ITIS:173480	Bufo bufo						southern and central Finland			1986/1990		https://www.biodiversitylibrary.org/page/45572144	Kauhala, K., Kaunisto, M., & Helle, E. (1993). Diet of the raccoon dog, Nyctereutes procyonoides, in Finland. Zeitschrift für säugetierkunde, 58(3), 129-136.
	ITIS:183821	Nyctereutes procyonoides					http://purl.obolibrary.org/obo/RO_0002470	eats		ITIS:173434	Rana sp.						southern and central Finland			1986/1990		https://www.biodiversitylibrary.org/page/45572144	Kauhala, K., Kaunisto, M., & Helle, E. (1993). Diet of the raccoon dog, Nyctereutes procyonoides, in Finland. Zeitschrift für säugetierkunde, 58(3), 129-136.
	ITIS:183821	Nyctereutes procyonoides					http://purl.obolibrary.org/obo/RO_0002470	eats		ITIS:209055	Lacerta vivipara						southern and central Finland			1986/1990		https://www.biodiversitylibrary.org/page/45572144	Kauhala, K., Kaunisto, M., & Helle, E. (1993). Diet of the raccoon dog, Nyctereutes procyonoides, in Finland. Zeitschrift für säugetierkunde, 58(3), 129-136.
	ITIS:183821	Nyctereutes procyonoides					http://purl.obolibrary.org/obo/RO_0002470	eats		ITIS:154249	Vespidae						southern and central Finland			1986/1990		https://www.biodiversitylibrary.org/page/45572144	Kauhala, K., Kaunisto, M., & Helle, E. (1993). Diet of the raccoon dog, Nyctereutes procyonoides, in Finland. Zeitschrift für säugetierkunde, 58(3), 129-136.
	ITIS:183821	Nyctereutes procyonoides					http://purl.obolibrary.org/obo/RO_0002470	eats		ITIS:109234	Carabidae						southern and central Finland			1986/1990		https://www.biodiversitylibrary.org/page/45572144	Kauhala, K., Kaunisto, M., & Helle, E. (1993). Diet of the raccoon dog, Nyctereutes procyonoides, in Finland. Zeitschrift für säugetierkunde, 58(3), 129-136.
	ITIS:183821	Nyctereutes procyonoides					http://purl.obolibrary.org/obo/RO_0002470	eats		ITIS:114493	Scarabaeidae						southern and central Finland			1986/1990		https://www.biodiversitylibrary.org/page/45572144	Kauhala, K., Kaunisto, M., & Helle, E. (1993). Diet of the raccoon dog, Nyctereutes procyonoides, in Finland. Zeitschrift für säugetierkunde, 58(3), 129-136.
	ITIS:183821	Nyctereutes procyonoides					http://purl.obolibrary.org/obo/RO_0002470	eats		ITIS:113818	Silphidae						southern and central Finland			1986/1990		https://www.biodiversitylibrary.org/page/45572144	Kauhala, K., Kaunisto, M., & Helle, E. (1993). Diet of the raccoon dog, Nyctereutes procyonoides, in Finland. Zeitschrift für säugetierkunde, 58(3), 129-136.
	ITIS:183821	Nyctereutes procyonoides					http://purl.obolibrary.org/obo/RO_0002470	eats		ITIS:113265	Staphylinidae						southern and central Finland			1986/1990		https://www.biodiversitylibrary.org/page/45572144	Kauhala, K., Kaunisto, M., & Helle, E. (1993). Diet of the raccoon dog, Nyctereutes procyonoides, in Finland. Zeitschrift für säugetierkunde, 58(3), 129-136.
	ITIS:183821	Nyctereutes procyonoides					http://purl.obolibrary.org/obo/RO_0002470	eats		ITIS:23605	Vaccinium myrtillus						southern and central Finland			1986/1990		https://www.biodiversitylibrary.org/page/45572144	Kauhala, K., Kaunisto, M., & Helle, E. (1993). Diet of the raccoon dog, Nyctereutes procyonoides, in Finland. Zeitschrift für säugetierkunde, 58(3), 129-136.
	ITIS:183821	Nyctereutes procyonoides					http://purl.obolibrary.org/obo/RO_0002470	eats		ITIS:505637	Vaccinium vitis-idaea						southern and central Finland			1986/1990		https://www.biodiversitylibrary.org/page/45572144	Kauhala, K., Kaunisto, M., & Helle, E. (1993). Diet of the raccoon dog, Nyctereutes procyonoides, in Finland. Zeitschrift für säugetierkunde, 58(3), 129-136.